Timestamp,Age Range,Which best describes you?,"Where do you spend most of your time in Golden? (e.g., where you live or work)",How long have you lived in or regularly spent time in Golden? ,"When you want to learn something new, be creative, or spend time around other people, where do you usually go now?  Select all that apply: ",What do you feel is most missing in Golden right now?  , Do you feel connected to people in Golden outside of your immediate family/friend group or workplace?  ,"If you'd like to share, what makes it hard to feel connected?","If Golden had a shared community space, which of the following would you be interested in?",Which 2-3 of these personally matter to you the most?,How often do you think you might realistically use a space like this?  ,"What would make the space feel welcoming to you? (e.g.,  pricing, age mix, location, programming style, atmosphere, etc.) ","If a new shared community space existed in Golden, how likely would you be to participate in the following?   [Taking classes or workshops]","If a new shared community space existed in Golden, how likely would you be to participate in the following?   [Attending community events or clubs]","If a new shared community space existed in Golden, how likely would you be to participate in the following?   [Using open space / creative / maker space]","If a new shared community space existed in Golden, how likely would you be to participate in the following?   [Using a community kitchen or cafe]","If a new shared community space existed in Golden, how likely would you be to participate in the following?   [Bringing kids or teens to activities]","If a new shared community space existed in Golden, how likely would you be to participate in the following?   [Attending talks or skill-sharing sessions]",Would you be interested in any of the following ways of being involved?  , What would make it easier for you to participate?  ,"What skills, interests, or knowledge could you imagine sharing with others? (e.g., woodworking, welding, cooking, sewing, art, home repair, gardening, tutoring, languages, technology, gaming, outdoor skills, 3D Printing, etc.) ","If you could design a community space in Golden, what would it look like or include?  You can describe it in words, share links, upload a sketch, or share a photo that represents the vibe (upload below).",Upload here!
2/3/2026 15:28:59,35-49,Working Full-Time,"Downtown / Central Golden (South of 58, North of 24th Street)",I grew up here,"Golden Community Center, Coffee shops / breweries, Private classes or studios",Sense of community,Somewhat,Attitude of neighbors ,"Cooking classes or shared kitchen events, Household repair clinics (fixing small appliances, bikes, gear, etc.), Sewing, Mending, or Fiber Arts, Ceramics",Same,A few times a month,NA,Very Likely,Very Likely,Very Likely,Very Likely,Very Likely,Somewhat Likely,"Volunteering ocassionally, Helping with events, Donating tools, supplies, or equipment","Evening and weekend hours, Child-friendly programming, Being able to drop in without committment",Most of those ,Not sure ,
2/3/2026 16:06:46,24-34,Working Full-Time,North Golden (North of 58),4-10 years,"Parks / trails / outdoors, Home",Gyms ,"Yes, very",,"Small business development /entrepeneurship, Talks or community discussions, Outdoor skills or environmental workshops",Small business ,A few times a month,,Somewhat Likely,Not Likely,Not Likely,Not Likely,Not Likely,Somewhat Likely,"Paying for individual classes or workshops, Donating tools, supplies, or equipment",Being able to drop in without committment,Gardening ,,
2/3/2026 17:33:25,50-64,Working Part-Time,North Golden (North of 58),10+ years,"Coffee shops / breweries, Parks / trails / outdoors, Home","Creative or maker spaces, Affordable activities and classes, Ways to meet new people",Somewhat,,"Clubs (book, film, language, etc.), Woodworking / Metalworking, 3D Printing / Design, Painting / Drawing / Printmaking, Talks or community discussions, Outdoor skills or environmental workshops","drawing, clubs, 3D printing",A few times a month,"flexible pricing (buy in weekly or monthly), mixed ages and genders, close to downtown Golden by bike/walking, casual",Somewhat Likely,Very Likely,Very Likely,Not Likely,Not Likely,Very Likely,"Paying for individual classes or workshops, Becoming a low-cost monthly member, Volunteering ocassionally, Teaching or helping lead activities","Low-Cost or sliding scale plan, Being able to drop in without committment, Walk or bike distance from downtown Golden",,"Outdoorsy, open, many types of people",
2/3/2026 19:24:50,35-49,Parent / Caregiver,North Golden (North of 58),4-10 years,"Coffee shops / breweries, Parks / trails / outdoors, Private classes or studios, Home, I don't really have a place to go for this","Creative or maker spaces, Ways to meet new people",Somewhat,,"Cooking classes or shared kitchen events, Clubs (book, film, language, etc.), Woodworking / Metalworking, 3D Printing / Design, Sewing, Mending, or Fiber Arts, Ceramics, Painting / Drawing / Printmaking, Talks or community discussions, Outdoor skills or environmental workshops","Cooking, art, clubs",A few times a month,"Atmosphere, ease of scheduling/organizing/calendar",Very Likely,Very Likely,Somewhat Likely,Very Likely,Very Likely,Very Likely,"Paying for individual classes or workshops, Becoming a low-cost monthly member, Volunteering ocassionally, Teaching or helping lead activities, Helping with events","Child-friendly programming, Being able to drop in without committment, Close to transit or bike routes, Clear calendar",,"Mix of spaces, modular, mixed format, messy area",
2/3/2026 20:14:55,50-64,Working Full-Time,"South Golden (South of 24th Street, including West Pleasant View)",10+ years,"Home, I don't really have a place to go for this","Creative or maker spaces, Affordable activities and classes","Yes, very",Small community - great events ,"Cooking classes or shared kitchen events, Ceramics, Painting / Drawing / Printmaking",Painting and drawing ,A few times a year,"Pricing helps, cozy/artsy atmosphere ",Very Likely,Somewhat Likely,Very Likely,Not Likely,Not Likely,Not Likely,Paying for individual classes or workshops,"Evening and weekend hours, Being able to drop in without committment",,"Lofted, open, central classroom space with other spaces of different kinds - cozy seats and couches, chairs & tables, etc",
2/4/2026 12:54:29,24-34,Working Full-Time,"West of 6th (Beverly Heights, Golden Ridge, Lookout)",4-10 years,"Gym / fitness studio, Coffee shops / breweries, Parks / trails / outdoors","Places for teens to hang out, Affordable activities and classes, Community gathering spaces that aren't bars",Somewhat,,"Cooking classes or shared kitchen events, Household repair clinics (fixing small appliances, bikes, gear, etc.), Study or work space, Outdoor skills or environmental workshops",,Weekly,,Somewhat Likely,Not Likely,Somewhat Likely,Somewhat Likely,Not Likely,Somewhat Likely,"Volunteering ocassionally, Helping with events","Evening and weekend hours, Being able to drop in without committment",,,
2/4/2026 21:55:03,24-34,,"South Golden (South of 24th Street, including West Pleasant View)",1-3 years,"Parks / trails / outdoors, Home, Outside of Golden","Creative or maker spaces, Affordable activities and classes, Community gathering spaces that aren't bars, Opportunities to learn practical skills, Ways to meet new people, Free beer & socialization outside of a bar","No, I feel pretty disconnected","Places in golden are good for connecting with who you bring, not so much who you run into. Especially in winter. ","Small business development /entrepeneurship, Cooking classes or shared kitchen events, Household repair clinics (fixing small appliances, bikes, gear, etc.), Clubs (book, film, language, etc.), Study or work space, Woodworking / Metalworking, Electronics / Robots, 3D Printing / Design, Sewing, Mending, or Fiber Arts, Ceramics, Painting / Drawing / Printmaking, Talks or community discussions, Outdoor skills or environmental workshops, Free beer. ",Free beer and business oriented events ,Weekly,"Name tags and at least two couches that are actually nice to sit on for people to drink their free beer around others, and maybe the free beer will encourage people to show up and socialize. Maybe integrate the kitchen activities with free food offerings. Emphasis on free. Offer incentives for donors, so all are welcome to show up. ",Somewhat Likely,Very Likely,Very Likely,Very Likely,Not Likely,Very Likely,"Volunteering ocassionally, Teaching or helping lead activities, Helping with events","Low-Cost or sliding scale plan, Evening and weekend hours, Being able to drop in without committment, Free beer. ","Cooking, gardening/crops, basic roommate etiquette, how to change car oil, high energy dance parties/ ecstatic dance, avoiding scams online, etc","It would be a large indoor/outdoor area with a large heated wind proof outside seating standing area, a sitting area upon entry, lots of natural light with live plants inside, a stage and dancefloor/event area (maybe rentable) would have an all ages bar featuring free beer and free other beverages such as carbonated water, sodas, seasonals like cocoa/cider. Would need a bartender for free beer (IDs) or an NFC based system with a card or wristband/etc for age verified adults to activate the beer dispenser for legality. Ideally this place can have amplified music events. If it has a bottom floor it could be soundproof enough to extend operating hours for people who want remotely any nightlife in Golden since it is currently nonexistent. ",
2/5/2026 9:42:52,24-34,Working Full-Time,"Downtown / Central Golden (South of 58, North of 24th Street)",1-3 years,"Coffee shops / breweries, Private classes or studios, I don't really have a place to go for this","Creative or maker spaces, Affordable activities and classes, Community gathering spaces that aren't bars, Opportunities to learn practical skills, Ways to meet new people, Easy to access grocery and local maker spaces in downtown golden ",Not really,,"Woodworking / Metalworking, Sewing, Mending, or Fiber Arts, Ceramics, Painting / Drawing / Printmaking, Talks or community discussions, Outdoor skills or environmental workshops","Crafting spaces, places to learn new skills ",Not sure,"Pricing, atmosphere ",Very Likely,Somewhat Likely,Very Likely,Not Likely,Not Likely,Very Likely,"Paying for individual classes or workshops, Becoming a low-cost monthly member, Volunteering ocassionally, Helping with events","Low-Cost or sliding scale plan, Evening and weekend hours, Being able to drop in without committment, Close to transit or bike routes",Crafting ,,
2/5/2026 9:49:22,24-34,Working Full-Time,I live outside Golden but spend time here,I grew up here,"Coffee shops / breweries, Parks / trails / outdoors, Home, Outside of Golden",Ways to meet new people,Not really,,"Small business development /entrepeneurship, Household repair clinics (fixing small appliances, bikes, gear, etc.), Woodworking / Metalworking, Electronics / Robots, Ceramics, Talks or community discussions, Outdoor skills or environmental workshops",,A few times a month,,Somewhat Likely,Somewhat Likely,Somewhat Likely,Not Likely,Not Likely,Somewhat Likely,Volunteering ocassionally,"Evening and weekend hours, Being able to drop in without committment",,,
2/5/2026 10:06:19,50-64,Working Full-Time,"Downtown / Central Golden (South of 58, North of 24th Street)",I grew up here,"Gym / fitness studio, Coffee shops / breweries","Creative or maker spaces, Places for teens to hang out, Ways to meet new people","Yes, very",,"Cooking classes or shared kitchen events, Ceramics",,A few times a month,programming style and atmosphere,Very Likely,Somewhat Likely,Not Likely,Somewhat Likely,Not Likely,Somewhat Likely,"Volunteering ocassionally, Donating tools, supplies, or equipment",Being able to drop in without committment,,"I went to a play at the Arvada Center and am super impressed with all that they offer. If you have not already it would be worth a field trip.  The place should feel comfortable and cozy, not like a library.  There should be an open to the public area and thoughtful staff on site.  As the owner of Connects Workspace having a ""community builder"" will be important. 
I grew up in Golden and we used to go to dances in what is now the library.  I know longer have teens in the house, but I think this is a HUGE need in Golden. As safe place that kids can have fun and be loud but are safe. ",
2/5/2026 10:18:54,50-64,Working Full-Time,"South Golden (South of 24th Street, including West Pleasant View)",10+ years,"Golden Community Center, Coffee shops / breweries, Parks / trails / outdoors","Creative or maker spaces, Community gathering spaces that aren't bars",Not really,,"Woodworking / Metalworking, Electronics / Robots, 3D Printing / Design",Woodworking,Weekly,Equipment availability,Very Likely,Somewhat Likely,Very Likely,Not Likely,Not Likely,Somewhat Likely,"Becoming a low-cost monthly member, Volunteering ocassionally, Helping with events","Low-Cost or sliding scale plan, Evening and weekend hours, Being able to drop in without committment",,,
2/5/2026 10:26:23,24-34,Working Full-Time,"Downtown / Central Golden (South of 58, North of 24th Street)",4-10 years,"Gym / fitness studio, Coffee shops / breweries, Parks / trails / outdoors, Home, Outside of Golden","Affordable activities and classes, Community gathering spaces that aren't bars",Not really,,"Cooking classes or shared kitchen events, Household repair clinics (fixing small appliances, bikes, gear, etc.), Sewing, Mending, or Fiber Arts, Ceramics, Outdoor skills or environmental workshops",,A few times a year,,Somewhat Likely,Not Likely,Somewhat Likely,Not Likely,Not Likely,Somewhat Likely,Paying for individual classes or workshops,"Low-Cost or sliding scale plan, Evening and weekend hours, Close to transit or bike routes","Knitting, bike repair, cooking, science",,
2/5/2026 10:26:55,65+,Retired,"West of 6th (Beverly Heights, Golden Ridge, Lookout)",4-10 years,"Gym / fitness studio, Golden Community Center, Coffee shops / breweries, Library, Parks / trails / outdoors, Home, Outside of Golden","Community gathering spaces that aren't bars, Opportunities to learn practical skills, Ways to meet new people",Somewhat,"Lack of time (I know, I'm retired)","Cooking classes or shared kitchen events, Clubs (book, film, language, etc.), Sewing, Mending, or Fiber Arts, Talks or community discussions","Film club, talks",A few times a month,"Age mix, programming style ",Very Likely,Somewhat Likely,Not Likely,Somewhat Likely,Not Likely,Very Likely,"Paying for individual classes or workshops, Volunteering ocassionally, Helping with events","Evening and weekend hours, Being able to drop in without committment",I would like to learn the basics of using a sewing machine. I hook rugs and I would be able to teach that,"Informal sitting areas, refreshments served, classrooms",
2/5/2026 10:39:58,24-34,Working Full-Time,North Golden (North of 58),10+ years,"Gym / fitness studio, Coffee shops / breweries","Creative or maker spaces, Community gathering spaces that aren't bars, Opportunities to learn practical skills, Ways to meet new people","Yes, very",,"Small business development /entrepeneurship, Household repair clinics (fixing small appliances, bikes, gear, etc.), Sewing, Mending, or Fiber Arts, Ceramics, Painting / Drawing / Printmaking, Talks or community discussions, Outdoor skills or environmental workshops",creative space for any arts and outdoor skills,A few times a month,"pricing, atmosphere, clear inviting language",Very Likely,Somewhat Likely,Very Likely,Not Likely,Not Likely,Very Likely,"Paying for individual classes or workshops, Volunteering ocassionally, Teaching or helping lead activities, Helping with events","Low-Cost or sliding scale plan, Being able to drop in without committment",,,
2/5/2026 10:51:58,65+,Retired,"Downtown / Central Golden (South of 58, North of 24th Street)",10+ years,Parks / trails / outdoors,"Places for teens to hang out, ",Not really,,Multicultural events,,A few times a year,"Pricing, atmosphere",Somewhat Likely,Very Likely,Not Likely,Very Likely,Not Likely,Very Likely,"Paying for individual classes or workshops, Volunteering ocassionally, Helping with events",Being able to drop in without committment,,Multicultural,
2/5/2026 10:53:12,35-49,Working Full-Time,"Downtown / Central Golden (South of 58, North of 24th Street)",10+ years,"Golden Community Center, Coffee shops / breweries, Library, Parks / trails / outdoors, Home","Creative or maker spaces, Places for teens to hang out, Affordable activities and classes, Community gathering spaces that aren't bars, Ways to meet new people",Somewhat,"I’d love to have a family friendly space for the creative arts that is more affordable/ accessible than foothills. Miners has classes for kids or for adults but not both, similar to rh library and foothills. I am a full time worker with two small children so the time I have free in evenings or weekends I like to spend with my kids. I’d like to have some indoor options that we can do TOGETHER with other families. Like combined art classes.","Cooking classes or shared kitchen events, Clubs (book, film, language, etc.), Sewing, Mending, or Fiber Arts, Ceramics, Painting / Drawing / Printmaking, Outdoor skills or environmental workshops","Art classes, cooking space, or clubs",Weekly,"Free or subsidized for golden residents, local to the downtown area, children included and welcomed",Very Likely,Very Likely,Very Likely,Very Likely,Very Likely,Somewhat Likely,"Paying for individual classes or workshops, Becoming a low-cost monthly member, Volunteering ocassionally, Teaching or helping lead activities, Helping with events","Low-Cost or sliding scale plan, Evening and weekend hours, Child-friendly programming","Painting, skiing, running","We have great spaces but I’d like to have more opportunities to do social activities with all ages, including my kids. We don’t have nearby grandparents so my ideal space would have lots of classes and programs where ages 0-110 can do things TOGETHER. I would like to have friends who are my parents age or older and I’d like my kids to have friends that age too! I don’t see any reason we could attend a photography ,dance, cooking, or pottery class that is accessible to 3 year olds, 30 year olds, 60 year olds, and 90 year olds.",
2/5/2026 11:32:43,35-49,Working Part-Time,I live outside Golden but spend time here,I grew up here,"Gym / fitness studio, Private classes or studios","Creative or maker spaces, Affordable activities and classes, Community gathering spaces that aren't bars, Opportunities to learn practical skills",Somewhat,,"Small business development /entrepeneurship, Cooking classes or shared kitchen events, Household repair clinics (fixing small appliances, bikes, gear, etc.), Clubs (book, film, language, etc.), Woodworking / Metalworking, Sewing, Mending, or Fiber Arts, Talks or community discussions","Talks & Discussions, Clubs, Adult Education in general",A few times a year,"Pricing, location, ease of registration",Very Likely,Somewhat Likely,Somewhat Likely,Somewhat Likely,Not Likely,Very Likely,"Paying for individual classes or workshops, Becoming a low-cost monthly member, Volunteering ocassionally, Teaching or helping lead activities","Low-Cost or sliding scale plan, Evening and weekend hours, Being able to drop in without committment",,,
2/5/2026 11:35:28,24-34,Working Full-Time,"Downtown / Central Golden (South of 58, North of 24th Street)",10+ years,"Golden Community Center, Parks / trails / outdoors, Outside of Golden","Affordable activities and classes, Community gathering spaces that aren't bars, Ways to meet new people",Somewhat,Not great spaces to connect. Lots of non locals come in for events. Restaurants and bars don’t cater to locals with discounts or events specific for locals.,"Cooking classes or shared kitchen events, Talks or community discussions, Outdoor skills or environmental workshops","Community talks, better reactants and bars that aren’t all pizza and burgers that are pricey.",Weekly,"Price, location, atmosphere",Somewhat Likely,Somewhat Likely,Somewhat Likely,Somewhat Likely,Not Likely,Somewhat Likely,Paying for individual classes or workshops,Low-Cost or sliding scale plan,Less about skills and more about something fun and interesting in golden that isn’t just pizza and burgers.,"I’m not sure, but I think what does exist in Golden doesn’t cater the locals. Food is okay, over priced, all the same. Arvada has a much more interesting downtown with restaurants and shops that are good and different. Restaurants or a space that hosts fun events that attract necessarily a home making skill just something for friends and couples to hang out and connect would be nice. Theres not a lot of options for that now.",
2/5/2026 11:44:51,35-49,Working Full-Time,I live outside Golden but spend time here,4-10 years,"Gym / fitness studio, Golden Community Center, Coffee shops / breweries, Parks / trails / outdoors, Outside of Golden","Affordable activities and classes, Community gathering spaces that aren't bars, Opportunities to learn practical skills, Ways to meet new people",Somewhat,,"Cooking classes or shared kitchen events, Household repair clinics (fixing small appliances, bikes, gear, etc.), Clubs (book, film, language, etc.), Woodworking / Metalworking, Sewing, Mending, or Fiber Arts, Ceramics, Painting / Drawing / Printmaking, Talks or community discussions, Outdoor skills or environmental workshops","Household repair, ceramics, outdoor skills/environmental workshops",Weekly,,Very Likely,Very Likely,Not Likely,Very Likely,Not Likely,Somewhat Likely,"Becoming a low-cost monthly member, Volunteering ocassionally","Low-Cost or sliding scale plan, Evening and weekend hours",,,
2/5/2026 11:49:48,24-34,Working Full-Time,North Golden (North of 58),4-10 years,Parks / trails / outdoors,"Creative or maker spaces, Affordable activities and classes",Somewhat,I wish there was a way for younger people to easily connect with the older generation in Golden,"Cooking classes or shared kitchen events, Household repair clinics (fixing small appliances, bikes, gear, etc.), Teen-only hangout space, Study or work space, Sewing, Mending, or Fiber Arts, Ceramics, Talks or community discussions, Outdoor skills or environmental workshops","Repairs, cooking class, sewing ",A few times a month,Cheap and downtown ,Very Likely,Very Likely,Somewhat Likely,Somewhat Likely,Very Likely,Very Likely,"Paying for individual classes or workshops, Becoming a low-cost monthly member, Volunteering ocassionally, Teaching or helping lead activities, Helping with events, Donating tools, supplies, or equipment","Low-Cost or sliding scale plan, Evening and weekend hours, Child-friendly programming, Close to transit or bike routes",Gardening and music ,Community classes hosted by the community. Things like “make your yard more native & how to get rid of invasive plants” or “learn how to fix your door so cold air doesn’t get in” or “learn how to do minor sewing repairs” ,
2/5/2026 12:20:06,24-34,Working Full-Time,"Downtown / Central Golden (South of 58, North of 24th Street)",I grew up here,"Coffee shops / breweries, Library, Parks / trails / outdoors, Home","Affordable activities and classes, Community gathering spaces that aren't bars, Opportunities to learn practical skills, Ways to meet new people","No, I feel pretty disconnected",Nothing to break down the “stranger” wall,"Cooking classes or shared kitchen events, Woodworking / Metalworking, Talks or community discussions, Outdoor skills or environmental workshops","Cooking, woodworking",Weekly,"Low price, age mix",Very Likely,Very Likely,Somewhat Likely,Somewhat Likely,Not Likely,Very Likely,"Paying for individual classes or workshops, Volunteering ocassionally, Helping with events","Low-Cost or sliding scale plan, Evening and weekend hours, Child-friendly programming",Outdoor education,,
2/5/2026 12:51:25,35-49,Parent / Caregiver,"West of 6th (Beverly Heights, Golden Ridge, Lookout)",10+ years,"Gym / fitness studio, Coffee shops / breweries, Library, Parks / trails / outdoors","Creative or maker spaces, Places for teens to hang out, Affordable activities and classes, Community gathering spaces that aren't bars, Opportunities to learn practical skills, Ways to meet new people",Somewhat,,"Cooking classes or shared kitchen events, Household repair clinics (fixing small appliances, bikes, gear, etc.), Teen-only hangout space, Clubs (book, film, language, etc.), Woodworking / Metalworking, Sewing, Mending, or Fiber Arts, Painting / Drawing / Printmaking, Talks or community discussions, Outdoor skills or environmental workshops, All of that sounds really cool. ",I would probably check out the offerings no matter what. If they changed frequently it would keep things fresh. ,A few times a month,Probably the programing offered would decide if and how our family utilized the center ,Very Likely,Somewhat Likely,Somewhat Likely,Not Likely,Very Likely,Somewhat Likely,"Paying for individual classes or workshops, Volunteering ocassionally, Teaching or helping lead activities, Donating tools, supplies, or equipment","Teen-only spaces or programs, Weekday programming while kids are at school during the day ",Possibly baking or sewing ,I’m not sure. So many things to consider. ,
2/5/2026 13:11:41,65+,Retired,"Downtown / Central Golden (South of 58, North of 24th Street)",10+ years,"Parks / trails / outdoors, Home",Creative or maker spaces,Somewhat,"A place for for retired artists. Moscians,ect","Small business development /entrepeneurship, Clubs (book, film, language, etc.), Artists and musician jam place",Musicians,Weekly,Volunteer sessions,Somewhat Likely,Somewhat Likely,Very Likely,Not Likely,Somewhat Likely,Very Likely,Volunteering ocassionally,"Low-Cost or sliding scale plan, Evening and weekend hours, Teen-only spaces or programs, Being able to drop in without committment",30yrs performing and managing musicians,Central golden,
2/5/2026 15:04:15,24-34,Working Full-Time,"South Golden (South of 24th Street, including West Pleasant View)",10+ years,"Coffee shops / breweries, Parks / trails / outdoors","Creative or maker spaces, Affordable activities and classes, Community gathering spaces that aren't bars, Opportunities to learn practical skills","No, I feel pretty disconnected","Most of Golden is a different demographic than myself. Most of the people who live here are students, young families, or retired. As a working professional without children, it does not feel like Golden caters to me.","Cooking classes or shared kitchen events, Household repair clinics (fixing small appliances, bikes, gear, etc.), Study or work space, Sewing, Mending, or Fiber Arts, Ceramics, Painting / Drawing / Printmaking, Outdoor skills or environmental workshops","A repair studio/clinics, affordable work space, and workshops",Weekly,Pricing and flexible hours for working people,Very Likely,Somewhat Likely,Somewhat Likely,Somewhat Likely,Not Likely,Very Likely,"Paying for individual classes or workshops, Becoming a low-cost monthly member, Volunteering ocassionally, Teaching or helping lead activities, Helping with events, Donating tools, supplies, or equipment","Low-Cost or sliding scale plan, Evening and weekend hours","Art, sewing, bike repair, tutoring, outdoor skills, music, resume writing",,
2/5/2026 15:49:55,35-49,Working Full-Time,"Downtown / Central Golden (South of 58, North of 24th Street)",10+ years,"Coffee shops / breweries, Parks / trails / outdoors","Creative or maker spaces, Affordable activities and classes","Yes, very",,"Small business development /entrepeneurship, Cooking classes or shared kitchen events, Clubs (book, film, language, etc.), Study or work space, Woodworking / Metalworking, Sewing, Mending, or Fiber Arts, Ceramics, Talks or community discussions","Clubs, creative activities, entrepreneurship ",Weekly,"Pricing, age mix",Very Likely,Very Likely,Somewhat Likely,Very Likely,Somewhat Likely,Very Likely,"Paying for individual classes or workshops, Becoming a low-cost monthly member, Volunteering ocassionally, Helping with events, Donating tools, supplies, or equipment","Low-Cost or sliding scale plan, Evening and weekend hours, Child-friendly programming, Being able to drop in without committment",,,
2/5/2026 16:00:05,35-49,Working Full-Time,"South Golden (South of 24th Street, including West Pleasant View)",4-10 years,"Gym / fitness studio, Golden Community Center, Coffee shops / breweries, Parks / trails / outdoors, Private classes or studios, Home","Affordable activities and classes, Community gathering spaces that aren't bars, Ways to meet new people",Not really,"I feel like I frequent the same places, but rarely at the same time, and either on my own or with friends, so I don’t interact much with people when I’m out. I don’t feel like the opportunities for hat are immediately available. ","Cooking classes or shared kitchen events, Household repair clinics (fixing small appliances, bikes, gear, etc.), Teen-only hangout space, Clubs (book, film, language, etc.), Study or work space, Talks or community discussions, Outdoor skills or environmental workshops","Talks or community discussions, clubs, and free community spaces for teen! I don’t have a teen but recognize that’s important for your community",A few times a month,Low pricing and available to a mix of ages and backgrounds. ,Somewhat Likely,Very Likely,Somewhat Likely,Somewhat Likely,Very Likely,Very Likely,"Paying for individual classes or workshops, Volunteering ocassionally, Teaching or helping lead activities, Helping with events","Low-Cost or sliding scale plan, Evening and weekend hours, Being able to drop in without committment, Close to transit or bike routes",I love learning particular skills!  Anything that helps build community and share resources ,,
2/5/2026 16:01:00,35-49,Working full time and a parent,"West of 6th (Beverly Heights, Golden Ridge, Lookout)",10+ years,"Golden Community Center, Coffee shops / breweries, Parks / trails / outdoors","Creative or maker spaces, Affordable activities and classes, Community gathering spaces that aren't bars, Opportunities to learn practical skills, More multi-age activities",Somewhat,,"Cooking classes or shared kitchen events, Woodworking / Metalworking, 3D Printing / Design, Sewing, Mending, or Fiber Arts, Ceramics, Painting / Drawing / Printmaking, Talks or community discussions, Outdoor skills or environmental workshops",,A few times a month,"Mixed ages, welcoming to adult adults, children, and older ",Somewhat Likely,Very Likely,Very Likely,Very Likely,Very Likely,Very Likely,"Becoming a low-cost monthly member, Volunteering ocassionally, Donating tools, supplies, or equipment","Low-Cost or sliding scale plan, Evening and weekend hours, Child-friendly programming, Being able to drop in without committment",,,
2/5/2026 16:10:33,50-64,Retired,"South Golden (South of 24th Street, including West Pleasant View)",10+ years,"Golden Community Center, Coffee shops / breweries, Library, Parks / trails / outdoors, Home, Outside of Golden","Creative or maker spaces, Affordable activities and classes, Community gathering spaces that aren't bars, Opportunities to learn practical skills",Somewhat,,"Cooking classes or shared kitchen events, Household repair clinics (fixing small appliances, bikes, gear, etc.), Clubs (book, film, language, etc.), Sewing, Mending, or Fiber Arts, Painting / Drawing / Printmaking, Talks or community discussions, Outdoor skills or environmental workshops","Cooking, biking, community discussions",A few times a year,,Very Likely,Very Likely,Very Likely,Somewhat Likely,Not Likely,Very Likely,"Volunteering ocassionally, Helping with events",Being able to drop in without committment,,,
2/5/2026 17:28:24,24-34,Working Full-Time,North Golden (North of 58),4-10 years,"Coffee shops / breweries, Parks / trails / outdoors, Outside of Golden","Affordable activities and classes, Community gathering spaces that aren't bars, Opportunities to learn practical skills",Not really,,"Clubs (book, film, language, etc.), Study or work space, Talks or community discussions, Outdoor skills or environmental workshops","Talks or community discussions, clubs, environmental workshops",A few times a month,,Very Likely,Very Likely,Not Likely,Somewhat Likely,Not Likely,Very Likely,"Paying for individual classes or workshops, Becoming a low-cost monthly member, Volunteering ocassionally, Helping with events","Evening and weekend hours, Being able to drop in without committment, Close to transit or bike routes",How to get involved with Bike Walk Golden and other ways to make our city better!,"Areas for quieter activities, spots to hang out with food and drinks, areas for kids while parents are hanging out",
2/5/2026 18:31:27,50-64,Working Full-Time,North Golden (North of 58),10+ years,"Coffee shops / breweries, Parks / trails / outdoors, Private classes or studios, Rotary/Lions/Chamber/GWIB",Places for teens to hang out,"Yes, very",,"Cooking classes or shared kitchen events, Household repair clinics (fixing small appliances, bikes, gear, etc.), Teen-only hangout space, Woodworking / Metalworking, Sewing, Mending, or Fiber Arts",,A few times a month,,Somewhat Likely,Somewhat Likely,Somewhat Likely,Somewhat Likely,Not Likely,Somewhat Likely,D,Being able to drop in without committment,,,
2/5/2026 19:12:25,24-34,Working Full-Time,North Golden (North of 58),10+ years,"Gym / fitness studio, Parks / trails / outdoors, Private classes or studios, Religious place ","Creative or maker spaces, Places for teens to hang out, Ways to meet new people","Yes, very",Time and energy ,"Cooking classes or shared kitchen events, Household repair clinics (fixing small appliances, bikes, gear, etc.), Clubs (book, film, language, etc.), Sewing, Mending, or Fiber Arts, Talks or community discussions, Outdoor skills or environmental workshops","The kitchen cooking one, I think it’s easier to get people together when there’s food around ",A few times a month,,Somewhat Likely,Somewhat Likely,Somewhat Likely,Very Likely,Somewhat Likely,Somewhat Likely,"Paying for individual classes or workshops, Volunteering ocassionally, Teaching or helping lead activities, Helping with events","Low-Cost or sliding scale plan, Evening and weekend hours, Child-friendly programming, Teen-only spaces or programs, Being able to drop in without committment, Close to transit or bike routes",Outdoor skills climbing specifically ,I would imagine it having a big kitchen inside and then a covered outdoor patio space so run it workout clubs could meet there and stretch after work outs ,
2/5/2026 19:21:33,24-34,Working Full-Time,I live outside Golden but spend time here,10+ years,"Gym / fitness studio, Coffee shops / breweries, Library, Parks / trails / outdoors, Community Garden","Creative or maker spaces, Community gathering spaces that aren't bars",Not really,This mostly older people and tourists ,"Cooking classes or shared kitchen events, Household repair clinics (fixing small appliances, bikes, gear, etc.), Teen-only hangout space, Clubs (book, film, language, etc.), Woodworking / Metalworking, Painting / Drawing / Printmaking",creative space or learning space,A few times a month,she mix and programming,Very Likely,Somewhat Likely,Very Likely,Somewhat Likely,Very Likely,Not Likely,"Becoming a low-cost monthly member, Teaching or helping lead activities","Evening and weekend hours, Being able to drop in without committment","gardening, technology",,
2/5/2026 20:21:56,50-64,Retired,"West of 6th (Beverly Heights, Golden Ridge, Lookout)",4-10 years,Parks / trails / outdoors,Community gathering spaces that aren't bars,"Yes, very",,"Cooking classes or shared kitchen events, Household repair clinics (fixing small appliances, bikes, gear, etc.), Sewing, Mending, or Fiber Arts, Talks or community discussions, Outdoor skills or environmental workshops",,A few times a year,Location and ease of parking ,Somewhat Likely,Somewhat Likely,Not Likely,Somewhat Likely,Somewhat Likely,Not Likely,"Volunteering ocassionally, Teaching or helping lead activities",Parking ,,,
2/5/2026 21:30:19,24-34,Working Full-Time,I live outside Golden but spend time here,1-3 years,"Gym / fitness studio, Coffee shops / breweries, Parks / trails / outdoors, Private classes or studios",Affordable activities and classes,Somewhat,,"Cooking classes or shared kitchen events, Household repair clinics (fixing small appliances, bikes, gear, etc.), Clubs (book, film, language, etc.), Study or work space, Ceramics, Talks or community discussions, Outdoor skills or environmental workshops",,A few times a month,,Very Likely,Very Likely,Not Likely,Very Likely,Very Likely,Somewhat Likely,"Paying for individual classes or workshops, Becoming a low-cost monthly member, Volunteering ocassionally","Low-Cost or sliding scale plan, Evening and weekend hours, Child-friendly programming, Close to transit or bike routes",,,
2/6/2026 10:49:41,35-49,Working Full-Time,"Downtown / Central Golden (South of 58, North of 24th Street)",1-3 years,"Coffee shops / breweries, Parks / trails / outdoors, Private classes or studios, Home, Outside of Golden","Creative or maker spaces, Community gathering spaces that aren't bars, Ways to meet new people",Somewhat,,"Small business development /entrepeneurship, Clubs (book, film, language, etc.), Study or work space, 3D Printing / Design, Ceramics","Ceramics, Study/Work Space, 3D Printing",A few times a month,"Pricing, Atmosphere, Tools available for use and education",Very Likely,Somewhat Likely,Very Likely,Not Likely,Not Likely,Very Likely,"Paying for individual classes or workshops, Becoming a low-cost monthly member, Volunteering ocassionally, Helping with events","Low-Cost or sliding scale plan, Evening and weekend hours, Being able to drop in without committment",Technology,"A space with flexible areas where you could choose a seat with a more quiet atmosphere, or a more lively area depending on the type of work I am trying to do. Welcoming space that is helpful but not pushy on people. Maker Space is a great option. Having a a space where multiple people are doing creative work together in one space was a past business dream of mine (Coffee Shop + Art Studio + Engineering/Maker Space Type activities all going on in one building. Each inspiring others collectively). Good natural light, electrical outlets a plenty, smaller conference rooms for people to meet/collaborate/share projects.",
2/6/2026 11:42:05,65+,Retired but active in Golden community.,"Downtown / Central Golden (South of 58, North of 24th Street)",10+ years,"Golden Community Center, City Council meetings, Leadership Golden, Jeffco District Attorney monthly TRIAD meetings, Barb Warden's online updates, Golden, Transcript,n","Maybe more available information on how Golden residents can feel and get involved in volunteering, know more about what and where information meetings, events are happening.  ","Yes, very",I find many opportunities to connect with other Golden residents.,"Clubs (book, film, language, etc.), Talks or community discussions","Talks or community discussions, more opportunities and encouragement for residents to attend sessions like the monthly TRIAD meetings at the District Attorney's building.  I feel that the more residents know and understand why city, county, state decisions are made, they less they complain or vote negatively.",A few times a month,"information and maybe, transportation",Very Likely,Very Likely,Not Likely,Not Likely,Not Likely,Very Likely,Volunteering ocassionally,"Evening and weekend hours, Being able to drop in without committment, Close to transit or bike routes",I'm more interested in volunteer opportunities in Golden nonprofits and community events,"Opportunities for residents of varied ages to meet and work with.  As a Senior, I learn a lot from the questions and ideas of younger generations. We cannot meet the wishes of everyone but we can learn from their ideas and concerns and be more inclusive of all generations and Golden institutions, ie: the K - college students.  (I know the Education session in time-limited.  It would be important that LG opens the opportunity for high school students to participate.  However, they have busy calendars also.  Maybe a once a year where high school students speak and answer questions at LG, city council, community center, or other better places.  I'm just wondering...",
2/6/2026 20:41:59,35-49,Working Full-Time,I live outside Golden but spend time here,4-10 years,"Coffee shops / breweries, Library, Parks / trails / outdoors, Private classes or studios, Home, I don't really have a place to go for this","Creative or maker spaces, Affordable activities and classes, Community gathering spaces that aren't bars, Opportunities to learn practical skills, Ways to meet new people",Not really,,"Small business development /entrepeneurship, Cooking classes or shared kitchen events, Household repair clinics (fixing small appliances, bikes, gear, etc.), Clubs (book, film, language, etc.), Study or work space, Ceramics, Painting / Drawing / Printmaking, Talks or community discussions, Outdoor skills or environmental workshops",,Weekly,,Very Likely,Very Likely,Very Likely,Very Likely,Not Likely,Very Likely,"Becoming a low-cost monthly member, Teaching or helping lead activities","Low-Cost or sliding scale plan, Evening and weekend hours",,,
2/7/2026 16:17:44,35-49,Parent and business owner,North Golden (North of 58),10+ years,Connects for co-working!,"Creative or maker spaces, Places for teens to hang out, summer camps or local extra curriular programming my kids can actually participate in",Not really,My kids both attend local schools but find some social situations challenging so we don't really hang out with others as we have found most families around my kids ages to not be so understanding or empathetic for my kids,"Small business development /entrepeneurship, Cooking classes or shared kitchen events, Household repair clinics (fixing small appliances, bikes, gear, etc.), Teen-only hangout space, Woodworking / Metalworking, Electronics / Robots, 3D Printing / Design, Ceramics, Painting / Drawing / Printmaking, Outdoor skills or environmental workshops",I'd love to have my pre-teens boys be a part of a community hang out maker space,A few times a month,actual empathetic connection and activities accessible for my neurodivergent pre-teens (our family is currently not able to participate in any activities with the GCC),Somewhat Likely,Somewhat Likely,Very Likely,Very Likely,Very Likely,Somewhat Likely,"Paying for individual classes or workshops, Becoming a low-cost monthly member, Volunteering ocassionally, Helping with events","Child-friendly programming, Teen-only spaces or programs, sensory friendly and reasonable teacher to kid ratio- we're willing to pay for something local where my kids feel accepted and it's not overly crowded at times they're available",I'd be happy to chat more- my business is AutismNERD.com and email is autismnerd@gmail.com,,
2/7/2026 21:53:02,35-49,Working Full-Time,"Downtown / Central Golden (South of 58, North of 24th Street)",1-3 years,"Library, I don't really have a place to go for this","Creative or maker spaces, Affordable activities and classes, Community gathering spaces that aren't bars, Opportunities to learn practical skills","Yes, very",,"Cooking classes or shared kitchen events, Clubs (book, film, language, etc.), Study or work space, Woodworking / Metalworking, 3D Printing / Design, Sewing, Mending, or Fiber Arts, Ceramics, Talks or community discussions",Talks & maker space ,A few times a month,"Accessible family memberships, offers for many age groups, including children, mix of cozy and calming spaces. Lots of plants ",Very Likely,Very Likely,Somewhat Likely,Somewhat Likely,Very Likely,Very Likely,"Paying for individual classes or workshops, Becoming a low-cost monthly member, Volunteering ocassionally, Teaching or helping lead activities, Helping with events","Evening and weekend hours, Child-friendly programming, Being able to drop in without committment, Close to transit or bike routes","Resume review, small business mentoring, storytelling…",,
2/8/2026 8:11:05,35-49,Parent / Caregiver,"Downtown / Central Golden (South of 58, North of 24th Street)",1-3 years,"Golden Community Center, Coffee shops / breweries, Library, Parks / trails / outdoors, Outside of Golden","Creative or maker spaces, Places for teens to hang out, Affordable activities and classes, Community gathering spaces that aren't bars, Ways to meet new people",Not really,,"Clubs (book, film, language, etc.), Study or work space, 3D Printing / Design, Sewing, Mending, or Fiber Arts, Painting / Drawing / Printmaking, Talks or community discussions, Outdoor skills or environmental workshops",,A few times a month,,Very Likely,Very Likely,Somewhat Likely,Not Likely,Very Likely,Very Likely,"Paying for individual classes or workshops, Becoming a low-cost monthly member, Volunteering ocassionally, Teaching or helping lead activities, Helping with events","Low-Cost or sliding scale plan, Evening and weekend hours, Child-friendly programming, Being able to drop in without committment, Close to transit or bike routes",,,
2/8/2026 20:15:26,24-34,Working Full-Time,"Downtown / Central Golden (South of 58, North of 24th Street)",4-10 years,"Coffee shops / breweries, I don't really have a place to go for this, friend's house",Community gathering spaces that aren't bars,"Yes, very",,"Cooking classes or shared kitchen events, Teen-only hangout space, Clubs (book, film, language, etc.), Study or work space, 3D Printing / Design, Talks or community discussions, playing music",,A few times a month,a place that's cozy and geared towards locals,Not Likely,Somewhat Likely,Somewhat Likely,Somewhat Likely,Not Likely,Not Likely,"Paying for individual classes or workshops, Becoming a low-cost monthly member, Volunteering ocassionally","Being able to drop in without committment, Close to transit or bike routes",piano lessons,,https://drive.google.com/open?id=1zjh0m5SvLnALSp7-L3kjjprDTgS1AHLp
2/9/2026 17:16:08,35-49,Working Full-Time,North Golden (North of 58),10+ years,"Gym / fitness studio, Coffee shops / breweries, Parks / trails / outdoors, Private classes or studios, Home","Creative or maker spaces, Places for teens to hang out, Ways to meet new people",Somewhat,,"Cooking classes or shared kitchen events, Household repair clinics (fixing small appliances, bikes, gear, etc.), Teen-only hangout space, Study or work space, Sewing, Mending, or Fiber Arts, Ceramics",Teen only space. Shared kitchen. Ceramics ,A few times a month,"Pricing, age mix",Very Likely,Somewhat Likely,Very Likely,Very Likely,Very Likely,Somewhat Likely,"Paying for individual classes or workshops, Becoming a low-cost monthly member, Volunteering ocassionally, Helping with events","Low-Cost or sliding scale plan, Evening and weekend hours, Teen-only spaces or programs","My mom would share sewing, crafting, crochet, knitting.  My son would love to have D&D campaigns.  I could help with event planning and food safety. ",,
2/9/2026 19:21:08,65+,Retired,North Golden (North of 58),1-3 years,"Coffee shops / breweries, Parks / trails / outdoors",Ways to meet new people,"Yes, very",,"Cooking classes or shared kitchen events, Woodworking / Metalworking, Talks or community discussions",,A few times a month,All above ,Somewhat Likely,Somewhat Likely,Somewhat Likely,Somewhat Likely,Somewhat Likely,Somewhat Likely,Volunteering ocassionally,Being able to drop in without committment,"Woodworking, cooking",,
2/9/2026 22:41:19,35-49,Working Full-Time,"South Golden (South of 24th Street, including West Pleasant View)",4-10 years,"Gym / fitness studio, Coffee shops / breweries","Affordable activities and classes, Community gathering spaces that aren't bars",Somewhat,Don't drink often. Have kids with me a lot ,"Cooking classes or shared kitchen events, Woodworking / Metalworking, Ceramics, Painting / Drawing / Printmaking, Talks or community discussions",,A few times a month,Mix of different people including people I relate too. People who work a lot and need times around work schedule ,Somewhat Likely,Somewhat Likely,Not Likely,Not Likely,Very Likely,Very Likely,"Paying for individual classes or workshops, Becoming a low-cost monthly member, Helping with events","Low-Cost or sliding scale plan, Evening and weekend hours, Child-friendly programming",,"Include a cafe and coffee shop where you can also buy food. If there are evening talks or events, offer childcare where I can pack a dinner or buy dinner. ",
2/10/2026 10:15:47,50-64,Working Full-Time,I live outside Golden but spend time here,1-3 years,"Gym / fitness studio, Coffee shops / breweries, Outside of Golden, Pickleball club in Littleton (but its too far!)","Creative or maker spaces, Community gathering spaces that aren't bars, Ways to meet new people","No, I feel pretty disconnected","It's hard to say. This might be a Colorado thing, but I find that the culture here in the Front Range is less open than where I came from (Austin TX). My theory is that Austin didn't have the big beautiful landscape to recreate in, so community events have been the central focus, and people tend to prioritize socialization over being out in nature. People are very friendly here, but I've tried to throw gatherings and everyone's always skiing or camping or ""out"".  I thought about starting a supper club, but living on Lookout Mtn is not a great location for that (Denver, better). I'd consider moving to town but its crazy expensive for what you get. So, I'm still trying to figure it out. I've joined groups, play a lot of pickleball and belong to a club, but so far none of those have yielded friends - just things to do. It's generally hard to move to a new place!","Clubs (book, film, language, etc.), Study or work space, Ceramics, Talks or community discussions, on the Talks above - I love salons! culture, arts, music. I'm a former film professor and I would totally start a film club if there was a space to show films, too.",,A few times a month,all of the above,Not Likely,Very Likely,Somewhat Likely,Not Likely,Not Likely,Very Likely,Teaching or helping lead activities,"Low-Cost or sliding scale plan, Evening and weekend hours, Being able to drop in without committment","photography, filmmaking, women's health","This is a little unfair but I absolutely love the central library in Austin - the community spaces and rooms are epic. Open, light-filled, cafes available, inspiring architecture, easy to book. ",
2/10/2026 20:51:30,35-49,Working Full-Time,"Downtown / Central Golden (South of 58, North of 24th Street)",10+ years,"Coffee shops / breweries, Parks / trails / outdoors, Private classes or studios","Creative or maker spaces, Community gathering spaces that aren't bars, Opportunities to learn practical skills",Somewhat,,"Teen-only hangout space, Study or work space, Woodworking / Metalworking, 3D Printing / Design, Ceramics, Painting / Drawing / Printmaking, Talks or community discussions, Outdoor skills or environmental workshops","Outdoor skills, study or work space, teen space",A few times a month,"Pricing, easy to sign up, last minute availability",Very Likely,Very Likely,Very Likely,Not Likely,Very Likely,Very Likely,"Paying for individual classes or workshops, Volunteering ocassionally","Low-Cost or sliding scale plan, Evening and weekend hours, Child-friendly programming, Being able to drop in without committment",,,
2/11/2026 8:20:10,50-64,Working Full-Time,North Golden (North of 58),10+ years,"Coffee shops / breweries, Library, Private classes or studios, Internet classes","Creative or maker spaces, Opportunities to learn practical skills, opportunities to hone craftsmanship beyond pottery/ceramics and watercolor","Yes, very",,"Cooking classes or shared kitchen events, Household repair clinics (fixing small appliances, bikes, gear, etc.), Woodworking / Metalworking, Electronics / Robots, 3D Printing / Design, Sewing, Mending, or Fiber Arts","Household repair, woodworking, sewing, 3D printing (as a 4th)",A few times a month,"pricing, cleanliness/care of shared materials, natural light, easy access (including parking), taught or guided classes/lessons, a mentor",Very Likely,Very Likely,Very Likely,Somewhat Likely,Very Likely,Very Likely,"Paying for individual classes or workshops, Becoming a low-cost monthly member, Teaching or helping lead activities, Helping with events","Low-Cost or sliding scale plan, Evening and weekend hours, Child-friendly programming, Being able to drop in without committment, Parking because this space should be available to our senior citizens as well","writing, basic French, middle school to high school book club",,
2/11/2026 12:20:24,50-64,Working Full-Time,I live outside Golden but spend time here,4-10 years,"Library, Parks / trails / outdoors, Private classes or studios, Home","Creative or maker spaces, Places for teens to hang out",Not really,I haven't found a lot of opportunities to meet and interact with people in Golden outside of businesses,"Cooking classes or shared kitchen events, Teen-only hangout space, Electronics / Robots, 3D Printing / Design, Sewing, Mending, or Fiber Arts, Painting / Drawing / Printmaking, youth workshops","Hand crafts - sewing, vinyl cutter, youth workshops",A few times a month,"Atmosphere, mix of hand crafts and more traditional makerspace equipment, staff",Very Likely,Very Likely,Very Likely,Very Likely,Very Likely,Somewhat Likely,"Paying for individual classes or workshops, Becoming a low-cost monthly member, Volunteering ocassionally, Teaching or helping lead activities, Helping with events, Donating tools, supplies, or equipment",Being able to drop in without committment,"sewing, cooking, vector design for laser cutting or vinyl cutters, paper crafts",A bright open workshop space that was used by kids and older adults during the day and entrepreneurs in the evening hours. Well staffed and supplied. ,
2/11/2026 12:23:23,24-34,Working Full-Time,North Golden (North of 58),4-10 years,"Gym / fitness studio, Golden Community Center, Coffee shops / breweries, Library, Parks / trails / outdoors, Home","Creative or maker spaces, Community gathering spaces that aren't bars, Ways to meet new people",Somewhat,"Age disconnect, free events not centered around alcohol or music","Clubs (book, film, language, etc.), Woodworking / Metalworking, 3D Printing / Design, Sewing, Mending, or Fiber Arts, Ceramics, Painting / Drawing / Printmaking, Outdoor skills or environmental workshops","Ceramics/pottery, Design space, woodworking",A few times a month,"Low priced, relaxed and welcoming atmosphere ",Somewhat Likely,Somewhat Likely,Very Likely,Not Likely,Not Likely,Not Likely,"Paying for individual classes or workshops, Becoming a low-cost monthly member, Volunteering ocassionally, Teaching or helping lead activities, Helping with events","Low-Cost or sliding scale plan, Evening and weekend hours, Being able to drop in without committment","3D printing, CAD modeling, Excel","Vibrant decorations, tall ceilings, modern design (glass, open layout), reception/help desk, maker space",
2/11/2026 12:46:18,24-34,Working Full-Time,"South Golden (South of 24th Street, including West Pleasant View)",1-3 years,"Gym / fitness studio, Library, Parks / trails / outdoors, Private classes or studios","Community gathering spaces that aren't bars, Opportunities to learn practical skills","Yes, very",,"Cooking classes or shared kitchen events, Household repair clinics (fixing small appliances, bikes, gear, etc.), Study or work space, Sewing, Mending, or Fiber Arts, Ceramics","repair, mending, anything sustainability skill-building related!",A few times a month,"I would be very drawn to someplace where I could spend time with other 20s - ish folks (early career, no kids), this has been something I've struggled to find in Golden. ",Very Likely,Very Likely,Somewhat Likely,Somewhat Likely,Not Likely,Somewhat Likely,"Paying for individual classes or workshops, Becoming a low-cost monthly member, Volunteering ocassionally, Teaching or helping lead activities, Helping with events","Evening and weekend hours, Being able to drop in without committment, Close to transit or bike routes",Sewing/fiber arts at a beginner level,"Open space to foster collaboration, hours that work well with a 9-5, draws a mix of ages, a culture of caring for the space that keeps it usable and growing. ",
2/11/2026 12:53:33,50-64,Retired,"West of 6th (Beverly Heights, Golden Ridge, Lookout)",10+ years,"Gym / fitness studio, Coffee shops / breweries, Parks / trails / outdoors, Home, Outside of Golden",Welcoming places to create for adults ,Somewhat,,"3D Printing / Design, Ceramics, Painting / Drawing / Printmaking, Talks or community discussions",Crafts,Not sure,,Somewhat Likely,Somewhat Likely,Not Likely,Not Likely,Not Likely,Somewhat Likely,"Paying for individual classes or workshops, Becoming a low-cost monthly member, Volunteering ocassionally",Being able to drop in without committment,,The Golden Library already offers many of the items mentioned in this survey. I suggest you partner with the library to expand on what is already available ,
2/11/2026 13:27:17,65+,Working Part-Time,"South Golden (South of 24th Street, including West Pleasant View)",10+ years,Foothills Art Center,"Affordable activities and classes, Community gathering spaces that aren't bars",Somewhat,"Downtown Golden is very crowded and makes me not want to take the effort to go there, especially on weekends. ","Small business development /entrepeneurship, Cooking classes or shared kitchen events, 3D Printing / Design, Talks or community discussions",,Only for special events / workshops,Location and atmosphere ,Somewhat Likely,Somewhat Likely,Not Likely,Not Likely,Not Likely,Somewhat Likely,Paying for individual classes or workshops,Evening and weekend hours,,,
2/11/2026 16:03:05,35-49,Working Full-Time,"Downtown / Central Golden (South of 58, North of 24th Street)",1-3 years,"Coffee shops / breweries, Library, Parks / trails / outdoors, Outside of Golden, I don't really have a place to go for this","Creative or maker spaces, Community gathering spaces that aren't bars, Opportunities to learn practical skills, Ways to meet new people","No, I feel pretty disconnected","Adding more rec sports in the summer for young adults (volleyball at the sand court, cornhole, etc)","Small business development /entrepeneurship, Woodworking / Metalworking, Ceramics, Painting / Drawing / Printmaking, Outdoor skills or environmental workshops","Outdoor skills, Small business development /entrepeneurship, Cooking classes or shared kitchen events",A few times a month,"atmosphere, pricing",Very Likely,Very Likely,Very Likely,Very Likely,Not Likely,Not Likely,"Paying for individual classes or workshops, Becoming a low-cost monthly member, Volunteering ocassionally, Helping with events, Donating tools, supplies, or equipment","Low-Cost or sliding scale plan, Evening and weekend hours, Being able to drop in without committment",NA,"The library in Basalt, CO, is stunning and the mix of nature with huge natural light is what makes it stunning to work and gather. Tall ceilings, lots of natural light, indoor/outdoor",
2/11/2026 16:22:20,50-64,Working Full-Time,"Downtown / Central Golden (South of 58, North of 24th Street)",4-10 years,"Coffee shops / breweries, Parks / trails / outdoors, Outside of Golden","Creative or maker spaces, Opportunities to learn practical skills",Somewhat,,"Small business development /entrepeneurship, Cooking classes or shared kitchen events, Woodworking / Metalworking, Ceramics",Forging and casting in metalworking. Some interest in cooking classes.,A few times a year,Classes and experts to advise on project design and execution. Social events for specific interests.,Very Likely,Somewhat Likely,Very Likely,Not Likely,Not Likely,Somewhat Likely,"Paying for individual classes or workshops, Becoming a low-cost monthly member, Teaching or helping lead activities","Low-Cost or sliding scale plan, Evening and weekend hours, Being able to drop in without committment, walkable from central Golden, Parking availability if hauling project supplies.","Woodworking, woodturning, engineering.","I would like a makerspace that is complimentary with Clear Creek Makerspace, as in having different capabilities. It needs a cadre of facilitators or leaders who are regularly there to keep things working and provide a community core. I don't know much about physical layout. There is a tradeoff between openness and being able to separate noisy or dusty operations. It might be interesting to have some kind of relationships between a makerspace, the Foothills Art Center, and Miner's Playhouse. ",
2/11/2026 16:33:03,50-64,Working Full-Time,"Downtown / Central Golden (South of 58, North of 24th Street)",4-10 years,"Coffee shops / breweries, Parks / trails / outdoors, Private classes or studios, Home, Outside of Golden","Creative or maker spaces, Affordable activities and classes, Community gathering spaces that aren't bars, Opportunities to learn practical skills, Ways to meet new people",Not really,,"Small business development /entrepeneurship, Cooking classes or shared kitchen events, Clubs (book, film, language, etc.), Study or work space, Woodworking / Metalworking, Electronics / Robots, 3D Printing / Design, Ceramics, Painting / Drawing / Printmaking, Talks or community discussions, Outdoor skills or environmental workshops","talks/discussions, outdoor skills, learning opportunities",Weekly,"open space, cool environment, welcoming hosts, various ages",Very Likely,Very Likely,Very Likely,Somewhat Likely,Not Likely,Very Likely,"Paying for individual classes or workshops, Becoming a low-cost monthly member, Volunteering ocassionally, Teaching or helping lead activities, Donating tools, supplies, or equipment","Low-Cost or sliding scale plan, Evening and weekend hours, Being able to drop in without committment, Close to transit or bike routes",photography,,
2/11/2026 21:16:59,24-34,Working Full-Time,North Golden (North of 58),4-10 years,"Home, I don't really have a place to go for this","Creative or maker spaces, Opportunities to learn practical skills","No, I feel pretty disconnected",,"Woodworking / Metalworking, 3D Printing / Design, Sewing, Mending, or Fiber Arts, Ceramics, Painting / Drawing / Printmaking","woodworking, ceramics",Daily,,Very Likely,Somewhat Likely,Very Likely,Not Likely,Not Likely,Somewhat Likely,"Paying for individual classes or workshops, Becoming a low-cost monthly member, Volunteering ocassionally, Donating tools, supplies, or equipment","Evening and weekend hours, Being able to drop in without committment","3D Printing, technology, computer programming ",,
2/11/2026 21:44:16,35-49,Working Full-Time,"Downtown / Central Golden (South of 58, North of 24th Street)",4-10 years,"Gym / fitness studio, Coffee shops / breweries, Library, Parks / trails / outdoors, Home","Creative or maker spaces, Affordable activities and classes, Opportunities to learn practical skills, Ways to meet new people",Somewhat,,"Small business development /entrepeneurship, Cooking classes or shared kitchen events, Study or work space, 3D Printing / Design, Sewing, Mending, or Fiber Arts","Cooking classes, mending ",Weekly,Pricing ,Very Likely,Somewhat Likely,Somewhat Likely,Very Likely,Not Likely,Not Likely,"Paying for individual classes or workshops, Teaching or helping lead activities","Low-Cost or sliding scale plan, Evening and weekend hours",Cooking ,,
2/11/2026 22:51:42,24-34,Working Full-Time,"Downtown / Central Golden (South of 58, North of 24th Street)",10+ years,"Gym / fitness studio, Golden Community Center, Coffee shops / breweries, Library, Parks / trails / outdoors, Private classes or studios, Home, Outside of Golden","Creative or maker spaces, Affordable activities and classes, Community gathering spaces that aren't bars, Opportunities to learn practical skills, Ways to meet new people",Somewhat,,"Cooking classes or shared kitchen events, Household repair clinics (fixing small appliances, bikes, gear, etc.), 3D Printing / Design, Ceramics",,A few times a month,,Very Likely,Somewhat Likely,Very Likely,Somewhat Likely,Not Likely,Somewhat Likely,"Volunteering ocassionally, Helping with events","Evening and weekend hours, Being able to drop in without committment",,,
2/12/2026 7:09:28,50-64,Working Full-Time,I live outside Golden but spend time here,10+ years,"Gym / fitness studio, Coffee shops / breweries, Library, Parks / trails / outdoors, Home, Outside of Golden","Creative or maker spaces, Community gathering spaces that aren't bars, Opportunities to learn practical skills",Not really,Lack of public gathering spaces,"Household repair clinics (fixing small appliances, bikes, gear, etc.), Teen-only hangout space, Clubs (book, film, language, etc.), Sewing, Mending, or Fiber Arts, Ceramics, Painting / Drawing / Printmaking, Outdoor skills or environmental workshops","teens, arts, environmental",Not sure,"Atmosphere, cost",Somewhat Likely,Very Likely,Very Likely,Not Likely,Very Likely,Very Likely,"Becoming a low-cost monthly member, Volunteering ocassionally, Helping with events",Being able to drop in without committment,,"Welcoming, inclusive, accessible",
2/12/2026 7:57:27,35-49,Working Full-Time,"South Golden (South of 24th Street, including West Pleasant View)",4-10 years,"Gym / fitness studio, Coffee shops / breweries, Home, I don't really have a place to go for this","Creative or maker spaces, Affordable activities and classes, Opportunities to learn practical skills",Somewhat,,"Cooking classes or shared kitchen events, Household repair clinics (fixing small appliances, bikes, gear, etc.), Woodworking / Metalworking, Electronics / Robots, 3D Printing / Design, Sewing, Mending, or Fiber Arts, Ceramics, Painting / Drawing / Printmaking, Talks or community discussions, Outdoor skills or environmental workshops","painting/drawing/printmaking, cooking classes, woodworking/metalworking",A few times a month,"inexpensive, programming, location",Very Likely,Somewhat Likely,Very Likely,Somewhat Likely,Not Likely,Very Likely,"Paying for individual classes or workshops, Becoming a low-cost monthly member, Volunteering ocassionally, Helping with events","Evening and weekend hours, Being able to drop in without committment",,space for classes as well as open workshop space,
2/12/2026 11:07:31,35-49,Working Part-Time,I live outside Golden but spend time here,4-10 years,"Golden Community Center, Library, Private classes or studios","Creative or maker spaces, Community gathering spaces that aren't bars, Opportunities to learn practical skills, Ways to meet new people",Somewhat,Not a lot of spaces that encourage talking to other people (even the bars are cliquey until it's late) without having to spend a lot of money. ,"Small business development /entrepeneurship, Household repair clinics (fixing small appliances, bikes, gear, etc.), Clubs (book, film, language, etc.), Study or work space, Woodworking / Metalworking, Talks or community discussions, Outdoor skills or environmental workshops","Outdoor skills (can meet people to go do things outside with), clubs, repair clinics",A few times a month,"Low- or no-cost activities, clean and friendly atmosphere, all ages",Very Likely,Very Likely,Somewhat Likely,Not Likely,Not Likely,Very Likely,"Paying for individual classes or workshops, Becoming a low-cost monthly member, Volunteering ocassionally, Donating tools, supplies, or equipment","Low-Cost or sliding scale plan, Evening and weekend hours, Being able to drop in without committment",,,
2/13/2026 10:13:38,24-34,Working Full-Time,I live outside Golden but spend time here,4-10 years,"Gym / fitness studio, Coffee shops / breweries, Parks / trails / outdoors, Home","Creative or maker spaces, Affordable activities and classes, Opportunities to learn practical skills",Somewhat,,"Woodworking / Metalworking, 3D Printing / Design, Sewing, Mending, or Fiber Arts, Painting / Drawing / Printmaking, Outdoor skills or environmental workshops","Outdoor skills, drawing, woodworking",A few times a month,,Very Likely,Somewhat Likely,Somewhat Likely,Not Likely,Not Likely,Somewhat Likely,"Paying for individual classes or workshops, Becoming a low-cost monthly member, Teaching or helping lead activities, Donating tools, supplies, or equipment",Being able to drop in without committment,"Bread making, 3D design ",,
2/13/2026 15:59:19,50-64,Retired,North Golden (North of 58),10+ years,"Outside of Golden, Clear Creek Makerspace","Creative or maker spaces, Opportunities to learn practical skills",Somewhat,,"Household repair clinics (fixing small appliances, bikes, gear, etc.), Woodworking / Metalworking, Electronics / Robots, 3D Printing / Design, Sewing, Mending, or Fiber Arts, Ceramics, Painting / Drawing / Printmaking",Place to learn/share skills across age groups.  Share in skills up/down/across ages and backgrounds.,Daily,Opportunities for people to share and teach the things that they are expert in and learn from others that are experts in something they want to learn.,Very Likely,Somewhat Likely,Very Likely,Not Likely,Not Likely,Very Likely,"Paying for individual classes or workshops, Becoming a low-cost monthly member, Volunteering ocassionally, Teaching or helping lead activities, Donating tools, supplies, or equipment",Being able to drop in without committment,"Home repair, fix-it/repair/bounty board clinics, 3D design, 3D printing, micro electronics, programming.",,
2/13/2026 16:42:58,35-49,Working Full-Time,North Golden (North of 58),4-10 years,"Golden Community Center, Library, Parks / trails / outdoors, Private classes or studios, Home, Outside of Golden, Clear Creek Makerspace","Creative or maker spaces, Places for teens to hang out, Community gathering spaces that aren't bars, Opportunities to learn practical skills",Somewhat,,"Cooking classes or shared kitchen events, Household repair clinics (fixing small appliances, bikes, gear, etc.), Clubs (book, film, language, etc.), Woodworking / Metalworking, Electronics / Robots, 3D Printing / Design, Sewing, Mending, or Fiber Arts, Talks or community discussions, Outdoor skills or environmental workshops",Woodworking,Weekly,"classes, pricing, diversity",Very Likely,Somewhat Likely,Very Likely,Not Likely,Not Likely,Somewhat Likely,"Paying for individual classes or workshops, Becoming a low-cost monthly member, Volunteering ocassionally, Teaching or helping lead activities, Helping with events",Low-Cost or sliding scale plan,"Art, woodworking, I'm good at organizing and setting up shared spaces.",Weekly classes are nice because they bring people together and introduce people to a space.,
2/16/2026 6:29:23,35-49,Working Full-Time,"Downtown / Central Golden (South of 58, North of 24th Street)",10+ years,Coffee shops / breweries,"Creative or maker spaces, Places for teens to hang out, Community gathering spaces that aren't bars",Somewhat,,"Cooking classes or shared kitchen events, Household repair clinics (fixing small appliances, bikes, gear, etc.), Woodworking / Metalworking, 3D Printing / Design, Ceramics, Painting / Drawing / Printmaking, Talks or community discussions",Cooking classes,A few times a month,,Very Likely,Very Likely,Very Likely,Very Likely,Very Likely,Very Likely,"Paying for individual classes or workshops, Becoming a low-cost monthly member, Volunteering ocassionally, Teaching or helping lead activities","Evening and weekend hours, Child-friendly programming, Being able to drop in without committment, Close to transit or bike routes",,,
2/16/2026 6:56:20,35-49,Working Full-Time,"Downtown / Central Golden (South of 58, North of 24th Street)",4-10 years,"Gym / fitness studio, Golden Community Center, Coffee shops / breweries, Library, Parks / trails / outdoors",Places for teens to hang out,Somewhat,,"Teen-only hangout space, Study or work space",,Not sure,,Somewhat Likely,Somewhat Likely,Somewhat Likely,Somewhat Likely,Very Likely,Somewhat Likely,Paying for individual classes or workshops,"Low-Cost or sliding scale plan, Child-friendly programming",,,
2/16/2026 7:22:31,35-49,Working Full-Time,North Golden (North of 58),10+ years,"Gym / fitness studio, Coffee shops / breweries, Library, Parks / trails / outdoors",Places for teens to hang out,Somewhat,,"Household repair clinics (fixing small appliances, bikes, gear, etc.), Teen-only hangout space, Talks or community discussions",Positive teen hang outs. Cleaner parks ,Weekly,"Clean, lights, safety with protection. ",Very Likely,Somewhat Likely,Somewhat Likely,Very Likely,Very Likely,Very Likely,"Paying for individual classes or workshops, Volunteering ocassionally, Teaching or helping lead activities","Low-Cost or sliding scale plan, Evening and weekend hours, Child-friendly programming, Teen-only spaces or programs, Being able to drop in without committment, Close to transit or bike routes",,The teens love pickle ball up north bc its free and it has lights on until 10:00pm in the summer. It’s freat for them to exercise and stay out of trouble. Maybe even keep open til 11,
2/16/2026 8:21:58,35-49,Working Full-Time,"Downtown / Central Golden (South of 58, North of 24th Street)",4-10 years,Coffee shops / breweries,Creative or maker spaces,Somewhat,,Small business development /entrepeneurship,,A few times a month,,Not Likely,Not Likely,Somewhat Likely,Not Likely,Somewhat Likely,Not Likely,Becoming a low-cost monthly member,Low-Cost or sliding scale plan,,,
2/16/2026 8:34:17,35-49,Working Full-Time,"Downtown / Central Golden (South of 58, North of 24th Street)",1-3 years,"Coffee shops / breweries, Library, Parks / trails / outdoors","Creative or maker spaces, Places for teens to hang out, Opportunities to learn practical skills",Not really,,"Small business development /entrepeneurship, Cooking classes or shared kitchen events, Teen-only hangout space, Clubs (book, film, language, etc.), Sewing, Mending, or Fiber Arts, Ceramics, Painting / Drawing / Printmaking",Small business dev and sewing/mending/fiber arts,Weekly,Welcoming location and events. Also variety of event times. It’s be nice to join other like-minded people and I’d also love to help w teaching in the fiber arts space for teens and/or adults! ,Very Likely,Somewhat Likely,Very Likely,Somewhat Likely,Very Likely,Very Likely,"Paying for individual classes or workshops, Becoming a low-cost monthly member, Volunteering ocassionally, Teaching or helping lead activities, Helping with events, Donating tools, supplies, or equipment","Low-Cost or sliding scale plan, Evening and weekend hours","Lap loom tapestry weaving, and punch needling both are kid and adult friendly",,
2/16/2026 9:19:08,35-49,Working Full-Time,North Golden (North of 58),10+ years,"Gym / fitness studio, Coffee shops / breweries, Parks / trails / outdoors, Private classes or studios",Opportunities to learn practical skills,Somewhat,,"Clubs (book, film, language, etc.), Woodworking / Metalworking, Talks or community discussions, Outdoor skills or environmental workshops",,A few times a year,,Somewhat Likely,Somewhat Likely,Not Likely,Not Likely,Very Likely,Very Likely,"Paying for individual classes or workshops, Becoming a low-cost monthly member, Volunteering ocassionally, Teaching or helping lead activities, Helping with events, Donating tools, supplies, or equipment","Low-Cost or sliding scale plan, Evening and weekend hours, Child-friendly programming, Being able to drop in without committment",,,
2/16/2026 10:37:00,35-49,Parent / Caregiver,North Golden (North of 58),10+ years,Parks / trails / outdoors,Community gathering spaces that aren't bars,Somewhat,,"Woodworking / Metalworking, Ceramics, Outdoor skills or environmental workshops",,Not sure,,Very Likely,Not Likely,Not Likely,Not Likely,Very Likely,Not Likely,Paying for individual classes or workshops,Teen-only spaces or programs,,,
2/16/2026 11:27:36,35-49,Working Full-Time,North Golden (North of 58),10+ years,Home,Creative or maker spaces,Not really,I'm not that interested in connecting with folks outside my immediate peer group.,"Teen-only hangout space, Electronics / Robots, Talks or community discussions, Outdoor skills or environmental workshops",Teen-only hang out,Not sure,Interesting programming. ,Not Likely,Somewhat Likely,Somewhat Likely,Not Likely,Very Likely,Somewhat Likely,"Volunteering ocassionally, Teaching or helping lead activities, Helping with events","Teen-only spaces or programs, Being able to drop in without committment","Tutoring, technology talks",It would look like the existing library. ,
2/16/2026 17:24:05,35-49,Working Full-Time,"Downtown / Central Golden (South of 58, North of 24th Street)",10+ years,"Gym / fitness studio, Golden Community Center, Coffee shops / breweries, Library, Parks / trails / outdoors, Private classes or studios, Home, Outside of Golden","Places for teens to hang out, Community gathering spaces that aren't bars","Yes, very",,"Cooking classes or shared kitchen events, Household repair clinics (fixing small appliances, bikes, gear, etc.), Teen-only hangout space, Woodworking / Metalworking, Ceramics, Outdoor skills or environmental workshops",A woodworking shop and cooking classes ,A few times a year,"Pricing, atmosphere ",Somewhat Likely,Not Likely,Somewhat Likely,Not Likely,Very Likely,Not Likely,"Paying for individual classes or workshops, Becoming a low-cost monthly member, Volunteering ocassionally","Low-Cost or sliding scale plan, Child-friendly programming, Being able to drop in without committment",Music - guitar,"Between foothills art center and the town community center, I feel like we have great community centers already. But a woodworking class would be awesome. Maybe we have this already and I just haven’t looked!",
2/16/2026 21:54:54,35-49,Working Full-Time,North Golden (North of 58),4-10 years,"Gym / fitness studio, Golden Community Center, Coffee shops / breweries, Library, Parks / trails / outdoors, Private classes or studios, Home, Outside of Golden, events at my son's elementary school; Golden Game Guild","Creative or maker spaces, Places for teens to hang out, Opportunities to learn practical skills","Yes, very",would love to see programming for women!,"Cooking classes or shared kitchen events, Household repair clinics (fixing small appliances, bikes, gear, etc.), Teen-only hangout space, 3D Printing / Design, Painting / Drawing / Printmaking","cooking/baking classes that are affordable, multi-cultural, and have a way to donate portion of food to underserved; bike/ski maintenance",A few times a year,"pricing (for cooking, see comparable Front Range programs e.g Little Kitchen Academy, Flour Power, former Evergreen Market classes-they are very $$$!); mix of ages including family programming; hands on and demo classes; multicultural foods",Very Likely,Somewhat Likely,Somewhat Likely,Somewhat Likely,Very Likely,Not Likely,Paying for individual classes or workshops,"Child-friendly programming, Being able to drop in without committment",,"windows to let in fresh air; different spaces for different types of gathering (e..g, small groups of 2-3 - work tables, couches, chairs); rotating art/maker exhibits from the community; outdoor space for gathering with summer landscaping and a fire pit for winter; organic design; YMCA Estes Park Craft Center comes to mind as one example.",
2/17/2026 10:37:42,35-49,Working Full-Time,"South Golden (South of 24th Street, including West Pleasant View)",10+ years,Home,"Community gathering spaces that aren't bars, Opportunities to learn practical skills",Somewhat,We're all busy!,"Small business development /entrepeneurship, Cooking classes or shared kitchen events, Household repair clinics (fixing small appliances, bikes, gear, etc.), Woodworking / Metalworking","Small business, woodworking",A few times a year,"Atmosphere and programming style. I like the no-appointment-needed free flow. There needs to be no pressure, no commitments but participation in the space is encouraged through the programming style most applicable to the goals of the space. For example, easy going, relaxed vibe for a relaxing, socializing goal.",Somewhat Likely,Not Likely,Somewhat Likely,Not Likely,Somewhat Likely,Somewhat Likely,"Paying for individual classes or workshops, Teaching or helping lead activities, Helping with events","Evening and weekend hours, Child-friendly programming",Business / entrepreneurship,"For me, I love the vibe and design of the labs up at the School of Mines. Desks that are mobile, workspaces, chairs to sit. In other words, a versatile space that will allow people to come and go as needed, allow them to be productive, and either meet or work individually.",
2/17/2026 12:44:52,65+,Retired,I live outside Golden but spend time here,10+ years,"Golden Community Center, Coffee shops / breweries, Library, Parks / trails / outdoors, Private classes or studios","Creative or maker spaces, All of the items mentioned are available - most missing is a maker space","Yes, very",,"Household repair clinics (fixing small appliances, bikes, gear, etc.), Clubs (book, film, language, etc.), Woodworking / Metalworking, Electronics / Robots, 3D Printing / Design, Talks or community discussions, Outdoor skills or environmental workshops, Service organizations","Clubs, 3D, discussions",Not sure,helpful people - e.g. the Library,Very Likely,Very Likely,Somewhat Likely,Not Likely,Not Likely,Somewhat Likely,Becoming a low-cost monthly member,"Low-Cost or sliding scale plan, Being able to drop in without committment","technology, tutoring",,
2/20/2026 11:59:42,50-64,Working Part-Time,North Golden (North of 58),10+ years,"Gym / fitness studio, Golden Community Center, Library, Parks / trails / outdoors","Places for teens to hang out, Community gathering spaces that aren't bars",Somewhat,Expectations of groups to do more than desired. Getting to know people that have already been part of the group much longer.,"Cooking classes or shared kitchen events, Household repair clinics (fixing small appliances, bikes, gear, etc.), Clubs (book, film, language, etc.), 3D Printing / Design, Talks or community discussions, Outdoor skills or environmental workshops","Outdoor skills, Clubs (language), Cooking",A few times a month,programming style and atmosphere,Somewhat Likely,Very Likely,Not Likely,Very Likely,Very Likely,Very Likely,"Becoming a low-cost monthly member, Volunteering ocassionally","Evening and weekend hours, Child-friendly programming","Cooking, outdoor skills","large lobby area, soft lighting, multiple seating areas for different groups to meet up; kitchen space and counter (island) for cooking classes, restrooms, free library",
2/23/2026 15:53:28,35-49,Working Full-Time,"Downtown / Central Golden (South of 58, North of 24th Street)",10+ years,"Golden Community Center, Library, Parks / trails / outdoors, Private classes or studios","Places for teens to hang out, Opportunities to learn practical skills","Yes, very",Places to meet,"Cooking classes or shared kitchen events, Teen-only hangout space, Clubs (book, film, language, etc.), Woodworking / Metalworking, 3D Printing / Design, Sewing, Mending, or Fiber Arts","The ones that aren’t readily available: spaces that require equipment like sewing and woodworking, looms, etc",A few times a year,A guide on-site to help teach,Very Likely,Somewhat Likely,Very Likely,Somewhat Likely,Very Likely,Not Likely,"Paying for individual classes or workshops, Becoming a low-cost monthly member, Volunteering ocassionally, Helping with events","Evening and weekend hours, Child-friendly programming, Being able to drop in without committment",,Re-using existing space or creating one with existing plans like heart of golden. Coordinating with our robust art spaces. .,
3/4/2026 21:16:40,35-49,Working Full-Time,"West of 6th (Beverly Heights, Golden Ridge, Lookout)",10+ years,Coffee shops / breweries,Places for teens to hang out,Somewhat,Not enough community spaces outside breweries,"Household repair clinics (fixing small appliances, bikes, gear, etc.), Teen-only hangout space, Study or work space, Woodworking / Metalworking, Talks or community discussions, Outdoor skills or environmental workshops",Teen-only hangout space. Biggest need in Golden,Weekly,Accessible and interesting to our teenagers,Very Likely,Somewhat Likely,Very Likely,Somewhat Likely,Very Likely,Very Likely,"Paying for individual classes or workshops, Becoming a low-cost monthly member, Volunteering ocassionally, Teaching or helping lead activities, Donating tools, supplies, or equipment","Evening and weekend hours, Teen-only spaces or programs, Being able to drop in without committment, Close to transit or bike routes",Outdoor skills,"Need a congregating space for teens. A space for adults to congregate outside of bars that offers indoor/outdoor spaces. Look at the Denver library teen space for ideas. Great concept, teen space is a huge need for Golden!",
3/4/2026 21:39:38,35-49,Working Full-Time,"Downtown / Central Golden (South of 58, North of 24th Street)",4-10 years,"Library, Home, Outside of Golden","Creative or maker spaces, Opportunities to learn practical skills",Somewhat,"It takes time to connect with people.  I do a lot of one-off things at various places in Golden, but I'm not seeing the same people over and over again, so I'm not getting a chance to learn their stories and tell them my story.  I see myself being involved enough at a makers space through participation and volunteering to start being around the same people enough to start building deeper connections.","Household repair clinics (fixing small appliances, bikes, gear, etc.), Study or work space, Electronics / Robots, 3D Printing / Design, Sewing, Mending, or Fiber Arts, Outdoor skills or environmental workshops, ","Metalworking (Welding), 3D Printing / Design, Fixing things instead of throwing them away",A few times a month,"I don't think I have any issues feeling welcome in places like the library, rec center, Miners Alley Playhouse, Golden History Museum, etc.  I think it's the lack of opportunity to connect that's missing (for me), because:
1. I don't have a reason to frequent those places (which I guess boils down to programming style, maybe?)
2. When I am at those places, I don't have a reason, or an opening to talk with people (which I guess also boils down to programming style as well?)

Location is important as well.  I'd like to spend time at Clear Creek Makerspace, but even 15 minutes away is too far for me to do more than a couple of times per month.


",Very Likely,Somewhat Likely,Very Likely,Not Likely,Somewhat Likely,Very Likely,"Paying for individual classes or workshops, Becoming a low-cost monthly member, Volunteering ocassionally, Teaching or helping lead activities, Helping with events, Donating tools, supplies, or equipment","Evening and weekend hours, Ability to work from there.  As a remote employee, if I could work, then take a break to tinker with something throughout the day, that would be amazing.","Technology, Fly tying (outdoor skills)?","Conceptually, I think it would look a lot like Clear Creek Makerspace.  It would be open 24/7 to paying members, and it would provide affordable and/or free programming to non-members.  It would be ran by a strong group of core volunteers and frequent visitors that loved sharing things they are passionate about with insatiably curious people like me.  It would attract a diverse group of people of all ages who want to learn, create, and share ideas together.

The actual programs and amenities offered don't need to match Clear Creek Makerspace exactly, in fact, it might be better if it complimented CCM, rather than duplicated CCM, but the overall model of CCM appears to be financially sustainable and popular, which would go a long way toward brining something like this into existence and keeping it around for a long time.",
3/4/2026 23:41:01,50-64,Working Full-Time,"Downtown / Central Golden (South of 58, North of 24th Street)",10+ years,"Parks / trails / outdoors, Home, Brewery",Creative or maker spaces,Somewhat,Sean Sundermann,"Woodworking / Metalworking, 3D Printing / Design, Sewing, Mending, or Fiber Arts",Metal working. Ai training. Bot generation,A few times a year,Content,Very Likely,Not Likely,Very Likely,Not Likely,Somewhat Likely,Somewhat Likely,"Paying for individual classes or workshops, Volunteering ocassionally","Low-Cost or sliding scale plan, Evening and weekend hours, Being able to drop in without committment",Welding. 3d printing. Ai learning. ,,
3/5/2026 6:53:31,50-64,Retired,"West of 6th (Beverly Heights, Golden Ridge, Lookout)",10+ years,"Parks / trails / outdoors, Home, Outside of Golden","Places for teens to hang out, Community gathering spaces that aren't bars",Somewhat,,"Cooking classes or shared kitchen events, Household repair clinics (fixing small appliances, bikes, gear, etc.), Woodworking / Metalworking",,A few times a month,Atmosphere,Somewhat Likely,Somewhat Likely,Very Likely,Not Likely,Not Likely,Somewhat Likely,Paying for individual classes or workshops,Evening and weekend hours,,,
3/5/2026 9:38:29,50-64,Working Full-Time,"South Golden (South of 24th Street, including West Pleasant View)",10+ years,"Golden Community Center, Coffee shops / breweries, Parks / trails / outdoors","Community gathering spaces that aren't bars, Ways to meet new people",Somewhat,Current politics,"Household repair clinics (fixing small appliances, bikes, gear, etc.), Talks or community discussions, Outdoor skills or environmental workshops",All three,A few times a year,Programming,Somewhat Likely,Very Likely,Not Likely,Not Likely,Not Likely,Very Likely,"Paying for individual classes or workshops, Volunteering ocassionally","Low-Cost or sliding scale plan, Evening and weekend hours, Being able to drop in without committment","Outdoor skills, home & outdoor gear repair",,https://drive.google.com/open?id=1ew4B_OFZpdFOjtL62KM5XE7-DARl2k-N
3/5/2026 9:46:56,50-64,Working Part-Time,North Golden (North of 58),10+ years,"Coffee shops / breweries, Library, Parks / trails / outdoors","Creative or maker spaces, Affordable activities and classes",Not really,,"Small business development /entrepeneurship, Cooking classes or shared kitchen events, Woodworking / Metalworking, Ceramics, Painting / Drawing / Printmaking, Talks or community discussions, Outdoor skills or environmental workshops",,Not sure,,Somewhat Likely,Somewhat Likely,Somewhat Likely,Somewhat Likely,Not Likely,Somewhat Likely,"Paying for individual classes or workshops, Volunteering ocassionally","Low-Cost or sliding scale plan, Being able to drop in without committment",,,
3/5/2026 11:03:43,50-64,Working Full-Time,"Downtown / Central Golden (South of 58, North of 24th Street)",10+ years,"Gym / fitness studio, Coffee shops / breweries, Parks / trails / outdoors, Home, Outside of Golden","Community gathering spaces that aren't bars, Ways to meet new people",Somewhat,,"Cooking classes or shared kitchen events, Clubs (book, film, language, etc.), Study or work space, Talks or community discussions, Outdoor skills or environmental workshops","Talks, outdoor or enviornmental workshops",A few times a year,"Atmosphere, programing style",Somewhat Likely,Somewhat Likely,Not Likely,Not Likely,Somewhat Likely,Somewhat Likely,Possibly helping after retirement,"Evening and weekend hours, Being able to drop in without committment",,"A place with a welcoming feel, like your favorite coffeeshop…",
3/5/2026 14:25:56,50-64,Working Full-Time,North Golden (North of 58),10+ years,"Coffee shops / breweries, Parks / trails / outdoors, Private classes or studios","Creative or maker spaces, Places for teens to hang out, Affordable activities and classes, Community gathering spaces that aren't bars, Opportunities to learn practical skills, Ways to meet new people",Somewhat,Busy lives ,"Cooking classes or shared kitchen events, Woodworking / Metalworking, 3D Printing / Design, Sewing, Mending, or Fiber Arts, Ceramics, Painting / Drawing / Printmaking, Talks or community discussions, Outdoor skills or environmental workshops",Cooking classes because there isn’t anything like that. ,A few times a month,"Pricing, atmosphere ",Very Likely,Very Likely,Very Likely,Very Likely,Very Likely,Very Likely,"Paying for individual classes or workshops, Becoming a low-cost monthly member, Volunteering ocassionally, Helping with events, Donating tools, supplies, or equipment","Low-Cost or sliding scale plan, Evening and weekend hours, Child-friendly programming, Teen-only spaces or programs, Being able to drop in without committment, Close to transit or bike routes",Outdoor skills and cooking ,"Large mural paintings, clean and organized, workforce training, technology, health and wellness workshops/classes, cultural activities, support services (legal clinics, financial classes), gardening space. 

Strong partnerships with community businesses, govt agencies and universities. Flexible multi use spaces, shaded outdoor spaces, classrooms that can be converted to offices in the day. Community media studio to empower students, build community stories, etc. ",
3/5/2026 16:42:37,50-64,Parent / Caregiver,North Golden (North of 58),10+ years,"Coffee shops / breweries, Home, Outside of Golden, I don't really have a place to go for this, Yoga Studio & wkshps","Creative or maker spaces, Affordable activities and classes, Opportunities to learn practical skills",Somewhat,Limited affordable opportunities to be in community with others in a creative way.  Little to no culturally diverse offerings in the community.,"Clubs (book, film, language, etc.), Woodworking / Metalworking, 3D Printing / Design, Sewing, Mending, or Fiber Arts, Painting / Drawing / Printmaking, Photography wkshps/groups, Writing/journaling groups, Cultural Groups sharing in food, music, language, art, etc.","Clubs & Cultural Groups, 3D printing/design, space for photography editing",Weekly,"affordability, availability of staff/volunteers to provide instruction on equipment/materials available, variety in program offerings, creating an inclusive & diverse space and community",Very Likely,Very Likely,Very Likely,Not Likely,Very Likely,Somewhat Likely,"Paying for individual classes or workshops, Volunteering ocassionally, Teaching or helping lead activities, Punch card?","Low-Cost or sliding scale plan, Evening and weekend hours, Being able to drop in without committment",Art/creating group for new mothers?,"Lots of windows for bright spaces. Colorful for uplifting/inspiring vibe. Art by diverse, local artists on the walls. Quiet corners/lounge area outside of the main maker spaces with benches, cozy seating to share a tea and quiet conversation with others or sit alone and sketch/work on project ideas before or after working in the maker spaces.",
3/5/2026 19:49:15,35-49,Working Full-Time,North Golden (North of 58),I grew up here,"Library, Parks / trails / outdoors, Home, Outside of Golden","Creative or maker spaces, Opportunities to learn practical skills",Somewhat,,"Household repair clinics (fixing small appliances, bikes, gear, etc.), Study or work space, Sewing, Mending, or Fiber Arts, Talks or community discussions, Outdoor skills or environmental workshops",,Only for special events / workshops,Location in/near downtown Golden,Somewhat Likely,Somewhat Likely,Somewhat Likely,Not Likely,Somewhat Likely,Somewhat Likely,"Paying for individual classes or workshops, Volunteering ocassionally","Evening and weekend hours, Child-friendly programming, Being able to drop in without committment",,,